<?xml version="1.0" encoding="UTF-8" standalone="yes"?>
<features xmlns="http://karaf.apache.org/xmlns/features/v1.5.0" name="openjpa-3.0.0">
    <feature name="openjpa" description="Apache OpenJPA 3 persistence engine support" version="3.0.0">
        <details>Apache OpenJPA persistence engine</details>
        <bundle dependency="true">mvn:org.apache.geronimo.specs/geronimo-jta_1.1_spec/1.1.1</bundle>
        <bundle dependency="true">mvn:org.eclipse.persistence/javax.persistence/2.1.0</bundle>
        <bundle dependency="true">mvn:org.apache.geronimo.specs/geronimo-annotation_1.0_spec/1.1.1</bundle>
        <bundle dependency="true">mvn:org.apache.geronimo.specs/geronimo-el_1.0_spec/1.0.1</bundle>
        <bundle dependency="true">mvn:commons-pool/commons-pool/1.6</bundle>
        <bundle dependency="true">mvn:commons-dbcp/commons-dbcp/1.4</bundle>
        <bundle dependency="true">mvn:commons-collections/commons-collections/3.2.2</bundle>
        <bundle dependency="true">mvn:org.apache.servicemix.bundles/org.apache.servicemix.bundles.serp/1.14.1_1</bundle>
        <bundle dependency="true">mvn:org.apache.xbean/xbean-asm5-shaded/4.3</bundle>
        <bundle>mvn:org.apache.openjpa/openjpa/3.0.0</bundle>
    </feature>
</features>
