<?xml version="1.0" encoding="UTF-8"?>
<!--
/*
Licensed to the Apache Software Foundation (ASF) under one
or more contributor license agreements.  See the NOTICE file
distributed with this work for additional information
regarding copyright ownership.  The ASF licenses this file
to you under the Apache License, Version 2.0 (the
"License"); you may not use this file except in compliance
with the License.  You may obtain a copy of the License at

  http://www.apache.org/licenses/LICENSE-2.0

Unless required by applicable law or agreed to in writing,
software distributed under the License is distributed on an
"AS IS" BASIS, WITHOUT WARRANTIES OR CONDITIONS OF ANY
KIND, either express or implied.  See the License for the
specific language governing permissions and limitations
under the License.
*/
-->
<features name="com.ceos.merlot.features-0.0.1-SNAPSHOT" xmlns="http://karaf.apache.org/xmlns/features/v1.0.0">
    <repository>mvn:org.apache.karaf.features/enterprise/4.2.8/xml/features</repository>
    <repository>mvn:org.ops4j.pax.jdbc/pax-jdbc-features/1.4.0/xml/features</repository>
    
    <feature name='com.ceos.merlot.features' description='Merlot :: features :: Features required' version='0.0.1-SNAPSHOT'>
        <details>com.ceos.merlot.features details</details>        
        <!-- <config>foo=bar</config> --> 
        <!--      
        <feature>wrap</feature>
        <feature>scr</feature>  
	<feature start-level="80">pax-jdbc</feature> 
 
	<feature start-level="80">pax-jdbc-config</feature>
        -->
        <!--
	<feature start-level="80">jdbc</feature>    
        -->
        <!-- 
        <feature>pax-logging</feature>      
	<feature>pax-jdbc</feature>
	<feature>pax-jdbc-config</feature>
	<feature>jdbc</feature>
        -->   
 
        <!-- Karaf branding bundle -->
        <bundle start-level="10">wrap:mvn:com.ceos.merlot.branding/com.ceos.merlot.branding/0.0.1-SNAPSHOT/$Bundle-SymbolicName=ceos-branding&amp;Bundle-Version=0.0.1-SNAPSHOT&amp;Export-Package=*;version=&quot;0.0.1-SNAPSHOT&quot;,!*</bundle>
        <bundle>wrap:mvn:org.apache.karaf/org.apache.karaf.util/4.2.8/$Export-Package=*;version=&quot;4.2.8&quot;,!*</bundle> 
	<!-- Netty Core network library -->
        <bundle start-level="80">wrap:mvn:io.netty/netty-all/4.1.43.Final/$Bundle-SymbolicName=netty-all&amp;Bundle-Version=4.1.43&amp;Export-Package=*;version=&quot;4.1.43.Final&quot;,!*</bundle>
        	
	<!-- Encrypt -->
	<!-- <bundle start-level="80">wrap:mvn:org.jasypt/jasypt/1.9.2/$Export-Package=*;version=&quot;1.9.2&quot;,!*</bundle> -->
        
	<bundle start-level="80">wrap:mvn:org.bouncycastle/bcprov-jdk15on/1.64/$Export-Package=*;version=&quot;1.64&quot;,!*</bundle>                        	
        		
	<!-- Google Libraries -->
	<!-- <bundle start-level="80">wrap:mvn:com.google.guava/guava/26.0-jre/$Export-Package=*;version=&quot;26.0-jre&quot;,!*</bundle> -->  
	<bundle start-level="80">wrap:mvn:com.google.guava/guava/19.0/$Export-Package=*;version=&quot;19.0&quot;,!*</bundle> 
        <bundle start-level="80">wrap:mvn:com.google.code.findbugs/jsr305/3.0.2/$Export-Package=*;version=&quot;3.0.2&quot;,!*</bundle>	  
        
	<!--  OSGi Device Access Specification -->
	<bundle start-level="82">wrap:mvn:org.osgi/org.osgi.service.device/1.1.0/$Export-Package=*;version=&quot;1.1.0&quot;,!*</bundle> 
	<!-- <bundle start-level="82">wrap:mvn:org.eclipse.platform/org.eclipse.equinox.device/1.0.400/$Export-Package=*;version=&quot;1.0.400&quot;,!*</bundle> -->
        
	<!--  H2 Database bundle -->		
	<!-- <bundle start-level="80">wrap:mvn:com.h2database/h2/1.4.197/$Export-Package=*;version=&quot;1.4.197&quot;,!*</bundle> -->		
		
	<!--  LMAX Disruptor-->
	<bundle start-level="80">wrap:mvn:com.lmax/disruptor/3.4.2/$Export-Package=*;version=&quot;3.4.2&quot;,!*</bundle> 
        
	<!--  OPC-UA Components -->
        <!--
	<bundle start-level="81">wrap:mvn:org.eclipse.milo/stack-core/0.3.4</bundle>			
	<bundle start-level="81">wrap:mvn:org.eclipse.milo/stack-client/0.3.4</bundle>
	<bundle start-level="81">wrap:mvn:org.eclipse.milo/stack-server/0.3.4</bundle>
	<bundle start-level="81">wrap:mvn:org.eclipse.milo/sdk-core/0.3.4</bundle>
	<bundle start-level="81" start="false">wrap:mvn:org.eclipse.milo/sdk-client/0.3.4</bundle>
	<bundle start-level="81" start="false">wrap:mvn:org.eclipse.milo/sdk-server/0.3.4</bundle>
        -->
        
	<!-- Database support feature -->
        <!-- <bundle>wrap:mvn:org.slf4j/slf4j-api/1.7.28/$Export-Package=*;version=&quot;1.7.28&quot;,!*</bundle>
        <bundle>wrap:mvn:org.slf4j/jcl-over-slf4j/1.7.28/$Export-Package=*;version=&quot;1.7.28&quot;,!*</bundle>  
        <bundle>wrap:mvn:org.slf4j/slf4j-log4j12/1.7.28/$Export-Package=*;version=&quot;1.7.28&quot;,!*</bundle>     -->
             
        <!--
	<feature>jndi</feature>
	<feature>transaction</feature>
	<feature>pax-jdbc</feature>
	<feature>pax-jdbc-config</feature>
	<feature>pax-jdbc-pool-dbcp2</feature>
	<feature>pax-jdbc-h2</feature>
	<feature>openjpa3</feature>                    
        -->
        <!--  EPICS core -->
        <bundle start-level="80">wrap:mvn:org.glassfish.corba/glassfish-corba-omgapi/4.2.1/$Export-Package=*;version=&quot;4.2.1&quot;,!*</bundle> 
        <bundle start-level="80">wrap:mvn:org.epics/epics-pvdatabase/4.3.1/$Export-Package=*;version=&quot;4.3.1&quot;,!*</bundle> 
        <bundle start-level="80">wrap:mvn:org.epics/epics-ntypes/0.3.3/$Export-Package=*;version=&quot;0.3.3&quot;,!*</bundle> 
        <bundle start-level="80">wrap:mvn:org.epics/epics-pvaccess/5.1.2/$overwrite=merge&amp;Export-Package=org.epics.pvaccess.server.impl.remote.*,*;version=&quot;5.1.2&quot;,!*</bundle> 
        <bundle start-level="80">wrap:mvn:org.epics/epics-pvaclient/4.3.2/$Export-Package=*;version=&quot;4.3.2&quot;,!*</bundle>
        <bundle start-level="80">wrap:mvn:org.epics/epics-pvdata/6.1.3/$Export-Package=*;version=&quot;6.1.3&quot;,!*</bundle>
        <bundle start-level="80">wrap:mvn:org.epics/epics-util/1.0.1/$Export-Package=*;version=&quot;1.0.1&quot;,!*</bundle>        
        <bundle start-level="80">wrap:mvn:org.epics/jca/2.4.3/$Export-Package=*;version=&quot;2.4.3&quot;,!*</bundle>
        
        <!--  PLC4X core -->
        <bundle>mvn:org.apache.plc4x/plc4j-driver-s7/0.6.0-SNAPSHOT</bundle>
        <bundle>mvn:org.apache.plc4x/plc4j-api/0.6.0-SNAPSHOT</bundle>
        <bundle>mvn:org.apache.plc4x/plc4j-protocol-iso-on-tcp/0.6.0-SNAPSHOT</bundle>
        <bundle>mvn:org.apache.plc4x/plc4j-protocol-iso-tp/0.6.0-SNAPSHOT</bundle>
        <bundle>mvn:org.apache.plc4x/plc4j-protocol-s7/0.6.0-SNAPSHOT</bundle>
        <bundle>mvn:org.apache.plc4x/plc4j-protocol-driver-base/0.6.0-SNAPSHOT</bundle>
        <bundle>mvn:org.apache.plc4x/plc4j-utils-driver-base-java/0.6.0-SNAPSHOT</bundle>
        <bundle>mvn:org.apache.plc4x/plc4j-protocol-driver-base-serial/0.6.0-SNAPSHOT</bundle>
        <bundle>mvn:org.apache.plc4x/plc4j-protocol-driver-base-tcp/0.6.0-SNAPSHOT</bundle>
        
        <bundle>mvn:com.fazecast/jSerialComm/2.6.0</bundle>

        <bundle>mvn:com.github.jinahya/bit-io/1.4.3</bundle>
        <bundle>mvn:commons-codec/commons-codec/1.12</bundle>
        <!--
        <bundle>mvn:io.netty/netty-codec/4.1.39.Final</bundle>        
        <bundle>mvn:io.netty/netty-common/4.1.39.Final</bundle>
        <bundle>mvn:io.netty/netty-transport/4.1.39.Final</bundle>
        <bundle>mvn:io.netty/netty-resolver/4.1.39.Final</bundle>
        <bundle>mvn:io.netty/netty-buffer/4.1.39.Final</bundle>
        -->
        <bundle>mvn:org.apache.commons/commons-configuration2/2.6</bundle>
        <bundle>mvn:org.apache.commons/commons-text/1.8</bundle>
        <bundle>mvn:commons-logging/commons-logging/1.2</bundle>
        <bundle>mvn:org.apache.commons/commons-lang3/3.7</bundle>
        <bundle>mvn:commons-io/commons-io/2.6</bundle>
                   
        <!--  PLC4X Modbus Protocol & Driver -->         
        <bundle>wrap:mvn:com.digitalpetri.modbus/modbus-core/1.1.1/$Export-Package=*;version=&quot;1.1.1&quot;,!*</bundle> 
        <bundle>wrap:mvn:com.digitalpetri.modbus/modbus-codec/1.1.1/$Export-Package=*;version=&quot;1.1.1&quot;,!*</bundle>  
        <bundle>wrap:mvn:com.digitalpetri.modbus/modbus-master-tcp/1.1.1/$Export-Package=*;version=&quot;1.1.1&quot;,!*</bundle>  

        <bundle>mvn:org.apache.plc4x/plc4j-protocol-modbus/0.6.0-SNAPSHOT</bundle>
        <bundle>mvn:org.apache.plc4x/plc4j-driver-modbus/0.6.0-SNAPSHOT</bundle>

                                
        <!--  PLC4X S7 Protocol & Driver -->
        <!--
        <bundle>mvn:org.apache.plc4x/plc4j-protocol-s7/0.6.0-SNAPSHOT</bundle>
        <bundle>mvn:org.apache.plc4x/plc4j-driver-s7/0.6.0-SNAPSHOT</bundle>        
        -->
        
        <!--  Merlot base app -->
        <bundle>mvn:javax.xml.bind/jaxb-api/2.3.1</bundle>  
        <bundle>wrap:mvn:com.mchange/c3p0/0.9.5.4/$Export-Package=*;version=&quot;0.9.5.4&quot;,!*</bundle>  
        <bundle>wrap:mvn:com.zaxxer/HikariCP/2.7.9/$Export-Package=*;version=&quot;2.7.9&quot;,!*</bundle> 
        <bundle>wrap:mvn:org.quartz-scheduler/quartz/2.3.2/$Export-Package=*;version=&quot;2.3.2&quot;,!*</bundle> 
        <bundle start-level="60">wrap:mvn:com.ceos.merlot.scheduler/com.ceos.merlot.scheduler/0.0.1-SNAPSHOT/$Export-Package=*;version=&quot;0.0.1-SNAPSHOT&quot;,!*</bundle>                              
        <!-- -->
    </feature>
    
    <feature name='config_devices' description='Merlot :: features :: Features required' version='0.0.1-SNAPSHOT'>
        <bundle start-level="70">wrap:mvn:com.ceos.merlot.das.api/com.ceos.merlot.das.api/0.0.1-SNAPSHOT/$Export-Package=*;version=&quot;0.0.1-SNAPSHOT&quot;,!*</bundle> 
        <bundle start-level="70">wrap:mvn:com.ceos.merlot.das.drv.basic/com.ceos.merlot.das.drv.basic/0.0.1-SNAPSHOT/$Export-Package=*;version=&quot;0.0.1-SNAPSHOT&quot;,!*</bundle>                 
        <bundle start-level="70">wrap:mvn:com.ceos.merlot.das/com.ceos.merlot.das/0.0.1-SNAPSHOT/$Export-Package=*;version=&quot;0.0.1-SNAPSHOT&quot;,!*</bundle>                
        <configfile finalname="/etc/com.ceos.merlot.das.drv.basic.cfg">mvn:com.ceos.merlot.das.drv.basic/com.ceos.merlot.das.drv.basic/0.0.1-SNAPSHOT/cfg</configfile>        
    </feature>
    
    <feature name='config_modbus_devices' description='Merlot :: features :: Features required' version='0.0.1-SNAPSHOT'>
        <bundle>wrap:mvn:org.osgi/org.osgi.service.device/1.1.0/$Export-Package=*;version=&quot;1.1.0&quot;,!*</bundle>        
        <bundle start-level="84">wrap:mvn:com.ceos.merlot.modbus.dev/com.ceos.merlot.modbus.dev/0.0.1-SNAPSHOT/$Export-Package=*;version=&quot;0.0.1-SNAPSHOT&quot;,!*</bundle>        
        <configfile finalname="/etc/com.ceos.merlot.modbus.dev.cfg">mvn:com.ceos.merlot.modbus.dev/com.ceos.merlot.modbus.dev/0.0.1-SNAPSHOT/cfg</configfile>        
    </feature> 
    
    <feature name='config_modbus_sim' description='Merlot :: features :: Features required' version='0.0.1-SNAPSHOT'>    
        <bundle>wrap:mvn:com.fathzer/javaluator/3.0.3/$Export-Package=*;version=&quot;3.0.3&quot;,!*</bundle>            
        <bundle start-level="86">wrap:mvn:com.ceos.merlot.modbus.sim/com.ceos.merlot.modbus.sim/0.0.1-SNAPSHOT/$Export-Package=*;version=&quot;0.0.1-SNAPSHOT&quot;,!*</bundle>        
        <configfile finalname="/etc/com.ceos.merlot.modbus.sim.cfg">mvn:com.ceos.merlot.modbus.sim/com.ceos.merlot.modbus.sim/0.0.1-SNAPSHOT/cfg</configfile>        
    </feature>        
    
    <feature name='config_modbus_server' description='Merlot :: features :: Features required' version='0.0.1-SNAPSHOT'>
        <bundle start-level="88">wrap:mvn:com.ceos.merlot.modbus.svr/com.ceos.merlot.modbus.svr/0.0.1-SNAPSHOT/$Export-Package=*;version=&quot;0.0.1-SNAPSHOT&quot;,!*</bundle>                
        <configfile finalname="/etc/com.ceos.merlot.modbus.svr.cfg">mvn:com.ceos.merlot.modbus.svr/com.ceos.merlot.modbus.svr/0.0.1-SNAPSHOT/cfg</configfile>        
    </feature>   
                          
    <feature name='config_records' description='Merlot :: features :: Features required' version='0.0.1-SNAPSHOT'>
        <bundle start-level="84">wrap:mvn:com.ceos.merlot.pva/com.ceos.merlot.pva/0.0.1-SNAPSHOT/$Export-Package=*;version=&quot;0.0.1-SNAPSHOT&quot;,!*</bundle>        
        <bundle start-level="84">wrap:mvn:com.ceos.merlot.db/com.ceos.merlot.db/0.0.1-SNAPSHOT/$Export-Package=*;version=&quot;0.0.1-SNAPSHOT&quot;,!*</bundle>        
        <configfile finalname="/etc/com.ceos.merlot.db.records.cfg">mvn:com.ceos.merlot.db/com.ceos.merlot.db/0.0.1-SNAPSHOT/cfg</configfile>        
    </feature>
    
    <feature name='config_mb_drv' description='Merlot :: features :: Features required' version='0.0.1-SNAPSHOT'>
        <bundle start-level="86">wrap:mvn:com.ceos.merlot.das.drv.mb/com.ceos.merlot.das.drv.mb/0.0.1-SNAPSHOT/$Export-Package=*;version=&quot;0.0.1-SNAPSHOT&quot;,!*</bundle>                     
    </feature>     
    
    <feature name='config_s7_drv' description='Merlot :: features :: Features required' version='0.0.1-SNAPSHOT'>
        <bundle start-level="86">wrap:mvn:com.ceos.merlot.das.drv.s7/com.ceos.merlot.das.drv.s7/0.0.1-SNAPSHOT/$Export-Package=*;version=&quot;0.0.1-SNAPSHOT&quot;,!*</bundle>                     
    </feature> 
    
    <feature name='config_iotdb_server' description='Merlot :: features :: Features required' version='0.0.1-SNAPSHOT'>
        
        <bundle>wrap:mvn:org.antlr/antlr-runtime/3.5.2/$Export-Package=*;version=&quot;3.5.2&quot;,!*</bundle>
        <bundle>wrap:mvn:io.airlift/airline/0.8/$Export-Package=*;version=&quot;0.8&quot;,!*</bundle>
        
        <bundle>wrap:mvn:io.dropwizard.metrics/metrics-core/4.1.8/$Export-Package=*;version=&quot;4.1.8&quot;,!*</bundle> 
        <bundle>wrap:mvn:io.dropwizard.metrics/metrics-json/4.1.8/$Export-Package=*;version=&quot;4.1.8&quot;,!*</bundle> 
        <bundle>wrap:mvn:io.dropwizard.metrics/metrics-jvm/4.1.8/$Export-Package=*;version=&quot;4.1.8&quot;,!*</bundle> 
        
        <bundle>wrap:mvn:com.fasterxml.jackson.core/jackson-core/2.11.0/$Export-Package=*;version=&quot;2.11.0&quot;,!*</bundle>         
        <bundle>wrap:mvn:com.fasterxml.jackson.core/jackson-databind/2.11.0/$Export-Package=*;version=&quot;2.11.0&quot;,!*</bundle> 
        <bundle>wrap:mvn:com.fasterxml.jackson.core/jackson-annotations/2.11.0/$Export-Package=*;version=&quot;2.11.0&quot;,!*</bundle> 
        
        <bundle>wrap:mvn:org.apache.thrift/libthrift/0.13.0/$Export-Package=*;version=&quot;0.13.0&quot;,!*</bundle>         
        <bundle>wrap:mvn:org.apache.iotdb/iotdb-server/0.9.3/$Export-Package=*;version=&quot;0.9.3&quot;,!*</bundle>  
        <bundle>wrap:mvn:org.apache.iotdb/service-rpc/0.9.3/$Export-Package=*;version=&quot;0.9.3&quot;,!*</bundle>  
                 
        <bundle>wrap:mvn:org.apache.iotdb/tsfile/0.9.3/$Export-Package=*;version=&quot;0.9.3&quot;,!*</bundle> 
        <bundle start-level="90">wrap:mvn:com.ceos.merlot.iotdb.svr/com.ceos.merlot.iotdb.svr/0.0.1-SNAPSHOT/$Export-Package=*;version=&quot;0.0.1-SNAPSHOT&quot;,!*</bundle> 
        <configfile finalname="/etc/iotdb-engine.properties">mvn:com.ceos.merlot.iotdb.svr/com.ceos.merlot.iotdb.svr/0.0.1-SNAPSHOT/cfg</configfile>        
    </feature>

    <feature name='config_iotdb_sync' description='Merlot :: features :: Features required' version='0.0.1-SNAPSHOT'>
        <bundle>wrap:mvn:commons-cli/commons-cli/1.4/$Export-Package=*;version=&quot;1.4&quot;,!*</bundle> 
        <bundle>wrap:mvn:commons-cli/commons-cli/1.4/$Export-Package=*;version=&quot;1.4&quot;,!*</bundle> 
        <bundle>wrap:mvn:org.jline/jline/3.14.1/$Export-Package=*;version=&quot;3.14.1&quot;,!*</bundle> 
        <bundle>wrap:mvn:jline/jline/2.14.5/$Export-Package=*;version=&quot;2.14.5&quot;,!*</bundle> 
         
        <bundle>wrap:mvn:org.apache.iotdb/iotdb-client/0.9.3/$Export-Package=*;version=&quot;0.9.3&quot;,!*</bundle>  
        <bundle>wrap:mvn:org.apache.iotdb/iotdb-jdbc/0.9.3/$Export-Package=*;version=&quot;0.9.3&quot;,!*</bundle>  
        <bundle start-level="92">wrap:mvn:com.ceos.merlot.iotdb.sync/com.ceos.merlot.iotdb.sync/0.0.1-SNAPSHOT/$Export-Package=*;version=&quot;0.0.1-SNAPSHOT&quot;,!*</bundle>         
        <configfile finalname="/etc/iotdb-sync-client.properties">mvn:com.ceos.merlot.iotdb.sync/com.ceos.merlot.iotdb.sync/0.0.1-SNAPSHOT/cfg</configfile>        
    </feature> 
    
  
    <feature name='config_iotdb_jdbc' description='Merlot :: features :: Features required' version='0.0.1-SNAPSHOT'>
        <bundle>wrap:mvn:org.osgi/org.osgi.service.jdbc/1.0.0/$Export-Package=*;version=&quot;1.0.0&quot;,!*</bundle>

        <bundle>wrap:mvn:org.ops4j.pax.jdbc/pax-jdbc-common/1.4.0/$Export-Package=*;version=&quot;1.4.0&quot;,!*</bundle>

        <bundle>wrap:mvn:org.apache.iotdb/iotdb-client/0.9.3/$Export-Package=*;version=&quot;0.9.3&quot;,!*</bundle>
        <bundle>wrap:mvn:org.apache.iotdb/iotdb-jdbc/0.9.3/$Export-Package=*;version=&quot;0.9.3&quot;,!*</bundle>
        <bundle start-level="94">wrap:mvn:com.ceos.merlot.iotdb.jdbc/com.ceos.merlot.iotdb.jdbc/0.0.1-SNAPSHOT/$Export-Package=*;version=&quot;0.0.1-SNAPSHOT&quot;,!*</bundle>
              
    </feature>                                                                  

    <feature name='config_iotdb_grafana' description='Merlot :: features :: Features required' version='0.0.1-SNAPSHOT'>
        <bundle start-level="94">wrap:mvn:com.ceos.merlot.iotdb.grafana/com.ceos.merlot.iotdb.grafana/0.0.1-SNAPSHOT/$Export-Package=*;version=&quot;0.0.1-SNAPSHOT&quot;,!*</bundle>           
    </feature>  

    <!--
    <feature name='config_iotdb_pbraw' description='Merlot :: features :: Features required' version='0.0.1-SNAPSHOT'>
        <bundle start-level="94">wrap:mvn:com.ceos.merlot.iotdb.pbraw/com.ceos.merlot.iotdb.pbraw/0.0.1-SNAPSHOT/$Export-Package=*;version=&quot;0.0.1-SNAPSHOT&quot;,!*</bundle>           
    </feature>  
    -->

</features>