<?xml version="1.0" encoding="UTF-8"?>
<!--
    Configuration generated by Karaf Assembly Builder
-->
<featuresProcessing xmlns="http://karaf.apache.org/xmlns/features-processing/v1.0.0" xmlns:f="http://karaf.apache.org/xmlns/features/v1.6.0">

    <!-- A list of blacklisted features XML repository URIs - they can't be added later -->
    <blacklistedRepositories>
        <repository>mvn:org.apache.karaf.features/framework/4.3.0-SNAPSHOT/xml/features</repository>
        <repository>mvn:org.apache.karaf.features/standard/4.3.0-SNAPSHOT/xml/features</repository>
        <repository>mvn:org.apache.karaf.features/enterprise/4.3.0-SNAPSHOT/xml/features</repository>
        <repository>mvn:org.apache.karaf.features/enterprise-legacy/4.3.0-SNAPSHOT/xml/features</repository>
        <repository>mvn:org.apache.karaf.features/spring/4.3.0-SNAPSHOT/xml/features</repository>
        <repository>mvn:org.apache.karaf.features/spring-legacy/4.3.0-SNAPSHOT/xml/features</repository>
    </blacklistedRepositories>

    <!-- A list of blacklisted feature identifiers that can't be installed in Karaf and are not part of the distribution -->
    <blacklistedFeatures>
        <feature>httplite</feature>
        <feature>felix-httplite</feature>
        <feature>felix-http</feature>
        <feature>scheduler</feature>
    </blacklistedFeatures>

    <!-- A list of blacklisted bundle URIs that are not installed even if they are part of some features -->
    <blacklistedBundles></blacklistedBundles>

    <!-- A list of repository URIs, feature identifiers and bundle URIs to override "dependency" flag -->
    <overrideBundleDependency></overrideBundleDependency>

    <!-- A list of bundle URI replacements that allows changing external feature definitions -->
    <bundleReplacements></bundleReplacements>

    <!-- A list of feature replacements that allows changing external feature definitions -->
    <featureReplacements></featureReplacements>

</featuresProcessing>
